Date,Headline,Link,Rating
26/5/23,Oil&amp;Gas: Lower crude prices drags down Saudi Arabia’s total exports by 25% in March,https://www.oilandgasmiddleeast.com/news/lower-crude-prices-drags-down-saudi-arabias-total-exports-by-25-in-march,2
25/5/23,Zawya: Saudi Arabia's total exports drop 25% in March dragged by dip in oil export,https://www.zawya.com/en/economy/gcc/saudi-arabias-total-exports-drop-25-in-march-dragged-by-dip-in-oil-export-bghhoctu,2
19/5/23,Zawya: Global oil demand climbs to record high in March: JODI Data,https://www.zawya.com/en/markets/commodities/global-oil-demand-climbs-to-record-high-in-march-jodi-data-oy6m2o3v,8
19/5/23,Investing.com: Crude oil climbs; set to post first weekly gain in a month,https://www.investing.com/news/commodities-news/crude-oil-climbs-set-to-post-first-weekly-gain-in-a-month-3086722,7
19/5/23,"Arabian Business: Global oil demand rises to the highest level ever, three million barrels per day in March",https://www.arabianbusiness.com/latest-news/global-oil-demand-rises-to-the-highest-level-ever-three-million-barrels-per-day-in-march,9
18/5/23,Arab News: Saudi Arabia’s crude oil exports rise to 7.52 mbpd in March: JODI data,https://www.arabnews.com/node/2305871/business-economy,8
18/5/23,"FXStreet: Oil pulls back as US Dollar enjoys renaissance, Crude stocks rise",https://www.fxstreet.com/news/oil-price-modestly-down-as-us-dollar-strengthens-crude-oil-stocks-rise-202305181437,2
18/5/23,OilPrice.com: Global Oil Demand Hit A Record High In March,https://oilprice.com/Latest-Energy-News/World-News/Global-Oil-Demand-Hit-A-Record-High-In-March.html,9
18/5/23,The Globe and Mail: Oil prices settle down 1 per cent as strong U.S. data boosts dollar,https://www.theglobeandmail.com/business/industry-news/energy-and-resources/article-oil-prices-ease-as-all-eyes-on-us-debt-ceiling-talks/,3
18/5/23,Reuters: UPDATE 1-Saudi Arabia crude exports edge higher in March,https://www.reuters.com/article/saudi-crude-jodi-idUSL1N37F11T,6
4/4/23,Argus: Kuwait's naphtha exports at over 3-year high in March,https://www.argusmedia.com/en/news/2436107-kuwaits-naphtha-exports-at-over-3year-high-in-march,6
4/4/23,Bloomberg: Turkey Is Guzzling Russian Diesel That Europe Can’t Buy,https://www.bnnbloomberg.ca/turkey-is-guzzling-russian-diesel-that-europe-can-t-buy-1.1904317,3
16/3/23,Arab News: Saudi crude production rises as global trends hits 7-month low,https://www.arabnews.com/node/2269791/business-economy,4
16/3/23,OilPrice.com: Global Oil Production Dropped To A 7-Month Low In January,https://oilprice.com/Energy/Energy-General/Global-Oil-Production-Dropped-To-A-7-Month-Low-In-January.html,5
16/3/23,OilPrice.com: Saudi Arabia's Oil Exports Hit A 3-Month High In January,"https://oilprice.com/Latest-Energy-News/World-News/Saudi-Arabias-Oil-Exports-Hit-A-3-Month-High-In-January.html#:~:text=Saudi%20Arabia's%20crude%20oil%20exports,(JODI)%20showed%20on%20Thursday.",8
22/2/23,Market Watch: U.S. oil futures mark a 6th straight decline on fears of a recession,https://www.marketwatch.com/story/oil-loses-ground-as-investors-await-fed-minutes-a8b9a74e,2
21/2/23,The National: Oil prices fall on interest rate concerns and stronger dollar,https://www.thenationalnews.com/business/energy/2023/02/21/oil-prices-fall-on-interest-rate-concerns-and-stronger-dollar/,2
20/2/23,Khaleej Times: Saudi crude exports rise in December from a five-month low,https://www.khaleejtimes.com/business/saudi-crude-exports-rise-in-december-from-a-five-month-low,6
20/2/23,OilPrice.com: Global Oil Demand Hit Record High In December,https://oilprice.com/Energy/Energy-General/Global-Oil-Demand-Hit-Record-High-In-December.html,9
20/2/23,Arab News: Global oil demand surpassed pre-pandemic levels in December 2022,https://www.arabnews.com/node/2254621/business-economy,8
20/1/23,Middle East Monitor: Saudi crude exports slip to five-month low in November,https://www.middleeastmonitor.com/20230120-saudi-crude-exports-slip-to-five-month-low-in-november/,3
20/1/23,Trade Market News: Oil Prices Surged Amid Rising Chinese Demand,https://trademarketsnews.com/oil-prices-surged-amid-rising-chinese-demand/,7
19/1/23,Reuters: Saudi crude exports slip to five-month low in November,"https://www.reuters.com/business/energy/saudi-crude-exports-slip-five-month-low-november-2023-01-19/#:~:text=The%20kingdom's%20crude%20exports%20fell,in%20the%20last%20six%20months",3
19/1/23,OilPrice.com: World Oil Demand Hit A 9-Month High In November,https://oilprice.com/Latest-Energy-News/World-News/World-Oil-Demand-Hit-A-9-Month-High-In-November.html,7
19/1/23,Arab News: Saudi Arabia’s crude oil exports at 5-month low in November: JODI data,https://www.arabnews.com/node/2235346/business-economy,3
21/10/22,The National: Saudi energy minister and Chinese official stress importance of stable oil supplies,https://www.thenationalnews.com/business/energy/2022/10/21/saudi-energy-minister-and-chinese-official-stress-importance-of-stable-oil-supplies/,8
19/10/22,Hellenic Shipping News: Saudi crude oil exports hit 2-year high of 7.6m bpd in august,https://www.hellenicshippingnews.com/saudi-crude-oil-exports-hit-2-year-high-of-7-6m-bpd-in-august-jodi/,10
18/10/22,Hellenic Shipping News: Global Oil Demand Rebounds in August – JODI Data,https://www.hellenicshippingnews.com/global-oil-demand-rebounds-in-august-jodi-data/,9
18/10/22,"Oil Monster: World Oil Demand Rebounded in August, Says JODI Data",https://www.oilmonster.com/article/world-oil-demand-rebounded-in-august-says-jodi-data/3795,9
17/10/22,OilPrice.com: Global Oil Demand Rebounded By 2 Million Bpd In August,https://oilprice.com/Energy/Energy-General/Global-Oil-Demand-Rebounded-By-2-Million-Bpd-In-August.html,9
17/10/22,Arab News: Saudi crude oil exports hit 2-year high of 7.6m bpd in August,https://www.arabnews.com/node/2182721/business-economy,10
17/10/22,"Quantum Commodity Intelligence: SAUDI ARABIA DATA - Crude exports at fresh Covid high, refining rebounds",https://www.qcintel.com/article/saudi-arabia-data-crude-exports-at-fresh-covid-high-refining-rebounds-9137.html,9
17/10/22,Reuters: Saudi crude exports rise to 7.60 mln bpd in August,https://www.reuters.com/business/energy/saudi-arabia-crude-oil-exports-rise-76-mln-bpd-august-2022-10-17/,9
25/9/22,Arab News: Saudi Arabia’s refinery output down for third month in a row: JODI,https://www.arabnews.com/node/2168911/business-economy,3
22/9/22,Hellenic Shipping News: Saudi Arabia’s non-oil exports rose 26% to $7bln in July 2022,https://www.hellenicshippingnews.com/saudi-arabias-non-oil-exports-rose-26-to-7bln-in-july-2022/,8
21/9/22,Zawya: Saudi Arabia's non-oil exports rose 26% to $7bln in July 2022,https://www.zawya.com/en/economy/gcc/saudi-arabias-non-oil-exports-rose-26-to-7bln-in-july-2022-xoscffpd,8
20/9/22,The Ghana Report: Global Oil Demand Dropped By Over 1 Million Bpd In July,https://www.theghanareport.com/global-oil-demand-dropped-by-over-1-million-bpd-in-july/,2
20/9/22,Hellenic Shipping News: Global Oil Demand Fell Counter-Seasonally by 1.1 mb/d in July – JODI Data,https://www.hellenicshippingnews.com/global-oil-demand-fell-counter-seasonally-by-1-1-mb-d-in-july-jodi-data/,2
19/9/22,OilPrice.com: Global Oil Demand Dropped By Over 1 Million Bpd In July,https://oilprice.com/Latest-Energy-News/World-News/Global-Oil-Demand-Dropped-By-Over-1-Million-Bpd-In-July.html,2
19/9/22,Bloomberg: Oil edges higher as U.S. dollar weakness overcomes rate-hike fears,https://www.bnnbloomberg.ca/oil-drops-as-looming-interest-rate-hikes-spur-growth-concerns-1.1820501,7
19/9/22,Reuters: Saudi Arabia's July crude oil exports rise to over 2-year peak,https://www.reuters.com/business/energy/saudi-arabias-july-crude-oil-exports-rise-over-2-year-peak-2022-09-19/,9
9/9/22,Argus: Opec+ production fell short in August,https://www.argusmedia.com/en/news/2369435-opec-production-fell-short-in-august,5
27/8/22,Arab News: Saudi Arabia’s June fuel oil imports increase 60% annually as supply rises,https://www.arabnews.com/node/2151521/business-economy,6
19/8/22,tbi Africa: Global oil demand recovery outpaces production in June – JODI data,https://tbiafrica.com/2022/08/19/global-oil-demand-recovery-outpaces-production-in-june-jodi-data/,7
18/8/22,"Mubasher: Saudi oil exports grow by 218,000 bpd in June 2022",https://english.mubasher.info/news/3999787/Saudi-oil-exports-grow-by-218-000-bpd-in-June-2022/,7
18/8/22,Energy Update Magazine: Natural Gas Demand Outpaces Production,https://www.energyupdate.com.pk/2022/08/18/natural-gas-demand-outpaces-production/,8
17/8/22,"MENAFN: Saudi Crude Oil Exports, Output Rise In June",https://menafn.com/1104714890/Saudi-Crude-Oil-Exports-Output-Rise-In-June,8
17/8/22,OilPrice.com: Natural Gas Demand Outpaces Production,https://oilprice.com/Energy/Natural-Gas/Natural-Gas-Demand-Outpaces-Production.html,8
17/8/22,OilPrice.com: Russia’s Natural Gas Production Falls For Three Consecutive Months,https://oilprice.com/Latest-Energy-News/World-News/Russias-Natural-Gas-Production-Falls-For-Three-Consecutive-Months.html,3
17/8/22,"Reuters: Saudi Arabia's crude oil exports, output rise in June",https://www.reuters.com/business/energy/saudi-arabias-crude-oil-exports-june-rise-mthmth-2022-08-17/,8
17/8/22,OilPrice.com: U.S. Crude Inventories Fell To Lowest Level Since 2004 In June,https://oilprice.com/Energy/Crude-Oil/US-Crude-Inventories-Fell-To-Lowest-Level-Since-2004-In-June.html,8
25/7/22,OPIS: Shaping the New Norm of Elevated U.S. LPG Exports to Europe,https://blog.opisnet.com/elevated-us-lpg-exports-to-europe,7
22/7/22,OilPrice.com: Saudi Arabia Has Big Plans To Boost Oil Export Capacity,https://oilprice.com/Energy/Energy-General/Saudi-Arabia-Has-Big-Plans-To-Boost-Oil-Export-Capacity.html,8
22/7/22,Mees: Egypt Leans On Israeli Gas To Maintain LNG Exports As Domestic Demand Rises,https://www.mees.com/2022/7/22/oil-gas/egypt-leans-on-israeli-gas-to-maintain-lng-exports-as-domestic-demand-rises/4fb2e580-09ab-11ed-82c1-6d92c56067c1,7
20/7/22,"Hellenic Shipping News: Global Oil Demand Drops For Second Consecutive in May, JODI Data Shows",https://www.hellenicshippingnews.com/global-oil-demand-drops-for-second-consecutive-in-may-jodi-data-shows/,2
20/7/22,Arab News: Saudi Arabia's May oil exports fell 4.5% in biggest decline in last 15 months,https://www.arabnews.com/node/2125226/business-economy,3
20/7/22,"tbi Africa: Global oil demand drops for second consecutive in May, JODI data show",https://tbiafrica.com/2022/07/20/global-oil-demand-drops-for-second-consecutive-in-may-jodi-data-show/,2
15/7/22,Reuters: Exclusive: Saudi Arabia doubles second-quarter Russian fuel oil imports for power generation,https://www.reuters.com/business/energy/exclusive-saudi-arabia-doubles-q2-russian-fuel-oil-imports-power-generation-2022-07-14/,6
21/6/22,Arab News: Saudi Arabia’s oil exports hit 25-month high in April:,https://www.arabnews.com/node/2107096/business-economy,9
20/6/22,BNamericas: JODI Data - Global Oil Demand Drops in April Back Below Pre-Pandemic Levels,https://www.bnamericas.com/en/news/jodi-data-global-oil-demand-drops-in-april-back-below-pre-pandemic-levels,2
20/6/22,OilPrice.com: Here's Why Global Oil Demand Slumped This Spring,https://oilprice.com/Latest-Energy-News/World-News/Heres-Why-Global-Oil-Demand-Slumped-This-Spring.html,3
20/6/22,"S&amp;P Global: SAUDI DATA - April crude oil exports rise to 23-month high, but inventories build",https://www.spglobal.com/commodityinsights/en/market-insights/latest-news/oil/062022-saudi-data-april-crude-oil-exports-rise-to-23-month-high-but-inventories-build,8
6/6/22,"Insider: The US is likely to turn a blind eye to sanctioned Iranian oil as it tries to lower gas prices, leading trader Vitol says",https://markets.businessinsider.com/news/commodities/us-gas-prices-iran-oil-sanctions-nuclear-deal-vitol-energy-2022-6,7
26/5/22,Hellenic Shipping News: Iraq’s crude oil exports from Basra fields rise 2.3% in April: Ministry of Oil,https://www.hellenicshippingnews.com/iraqs-crude-oil-exports-from-basra-fields-rise-2-3-in-april-ministry-of-oil-2/,6
25/5/22,"Arab News: Saudi oil refinery output up 16.6% year-on-year in March, exports down 12.2%",https://www.arabnews.com/node/2089681/business-economy,5
20/5/22,Mees: Egypt Gas Imports From Israel Hit Record 720mn Cfd,https://www.mees.com/2022/5/20/oil-gas/egypt-gas-imports-from-israel-hit-record-720mn-cfd/66beb340-d80d-11ec-b9e7-4bd64919686a,6
18/5/22,S&amp;P Global: Oil product stocks fall after record Saudi fuel oil shipment,https://www.spglobal.com/commodityinsights/en/market-insights/latest-news/oil/051822-fujairah-data-oil-product-stocks-fall-after-record-saudi-fuel-oil-shipment,7
17/5/22,Market News: Oil - Saudi Arabia crude production increased by 75kbpd,https://marketnews.com/saudi-arabia-crude-production-increased-by-75kbpd,7
17/5/22,"Forbes: Oil Prices Fall On EU's Failed Attempt To Reach Russian Oil Ban Deal, Hopes For Venezuela Supply",https://www.forbesmiddleeast.com/industry/energy/oil-prices-drop-as-eu-russian-oil-import-ban-stalls,4
17/5/22,Arab News: Saudi crude oil exports in March see biggest monthly decline in a year,https://www.arabnews.com/node/2083136/business-economy,3
16/5/22,Argus Media: Saudi says on track for capacity above 13mn b/d by 2027,https://www.argusmedia.com/en/news/2331769-saudi-says-on-track-for-capacity-above-13mn-bd-by-2027,7
16/5/22,"Emirates News Agency: Oil demand exceeded 2019 levels in March, production lags: Report",http://wam.ae/en/details/1395303048095,8
16/5/22,CNN: $5 gas could become widespread as prices hit another record,https://edition.cnn.com/2022/05/16/business/gas-prices-inflation/index.html,2
16/5/22,OilPrice.com: Saudi Oil Exports Dropped in March From Two-Year High In February,https://oilprice.com/Latest-Energy-News/World-News/Saudi-Oil-Exports-Dropped-in-March-From-Two-Year-High-In-February.html,4
16/5/22,Reuters: Saudi Arabia crude oil exports fall in March,https://www.reuters.com/business/energy/saudi-arabia-crude-exports-fall-7235-mln-bpd-march-2022-05-16/,3
5/5/22,Arab News: Iraq’s crude oil exports from Basra fields rise 2.3% in April: Ministry of Oil,https://www.arabnews.com/node/2076086/business-economy,6
22/4/22,Mees: Egypt Oil Burn Rises As Gas Exports Maxed,https://www.mees.com/2022/4/22/refining-petrochemicals/egypt-oil-burn-rises-as-gas-exports-maxed/93a03480-c244-11ec-b2a3-09c427b127cc,4
22/4/22,Mees: Saudi Crude Exports At 22-Month High As Crude Burn Falls,https://www.mees.com/2022/4/22/refining-petrochemicals/saudi-crude-exports-at-22-month-high-as-crude-burn-falls/38021850-c244-11ec-8598-27dfb0753658,8
20/4/22,Arab News: Saudi Arabia crude oil exports sees biggest rise since October 2021: JODI,https://www.arabnews.com/node/2065471/business-economy,9
18/4/22,MENAFN: Saudi oil exports hit highest level in almost 2 years,https://menafn.com/1104043779/Saudi-oil-exports-hit-highest-level-in-almost-2-years,9
18/4/22,OilPrice.com: Saudi Crude Oil Exports Jump To Highest Level Since April 2020,https://oilprice.com/Energy/Crude-Oil/Saudi-Crude-Oil-Exports-Jump-To-Highest-Level-Since-April-2020.html,9
18/4/22,S&amp;P Global: SAUDI DATA: February crude oil exports rose closer to record,https://www.spglobal.com/commodityinsights/en/market-insights/latest-news/oil/041822-saudi-data-february-crude-oil-exports-rose-closer-to-record,8
11/4/22,"GECF: GECF, IEF discuss expanding cooperation",https://www.gecf.org/events/gecf-ief-discuss-expanding-cooperation,7
29/3/22,Atlantic Council: How Europe can work its way out of today’s energy-supply crisis—and through the energy transition,https://www.atlanticcouncil.org/news/transcripts/how-europe-can-work-its-way-out-of-todays-energy-supply-crisis-and-through-the-energy-transition/,7
21/3/22,Arab News: Saudi crude exports in January hit the highest since April 2020,https://www.arabnews.com/node/2045696/business-economy,9
19/3/22,The Economy Club: Saudi Arabia’s crude oil exports near 7 million bpd in January,https://theeconomyclub.com/saudi-arabias-crude-oil-exports-near-7-million-bpd-in-january-jodi/,8
18/3/22,TNG News: Saudi oil exports rise to 7 million barrels in January,https://thenewsglory.com/saudi-oil-exports-rise-to-7-million-barrels-in-january/,8
18/3/22,"S&amp;P Global: Saudi crude supplies to market at pre-pandemic levels, as exports, refinery runs increase",https://www.spglobal.com/commodity-insights/en/market-insights/latest-news/oil/031822-saudi-crude-supplies-to-market-at-pre-pandemic-levels-as-exports-refinery-runs-increase,8
18/3/22,Bloomberg: How Russia’s War in Ukraine Is Choking the World’s Supply of Natural Resources,https://www.bloomberg.com/graphics/2022-russia-commodities-shortage/,4
9/2/22,Vortexa: How much further will global crude inventories fall?,https://www.vortexa.com/insight/how-much-further-will-global-crude-inventories-fall,6
31/1/22,S&amp;P Global Platts: Crude reaches new 7-year highs as market eyes tightening supply outlooks,https://www.spglobal.com/platts/en/market-insights/latest-news/oil/013122-oil-futures-crude-reaches-new-7-year-highs-as-market-eyes-tightening-supply-outlooks,8
26/1/22,OilPrice.com: Has The Oil Market Flipped Into Surplus Territory?,https://oilprice.com/Energy/Crude-Oil/Has-The-Oil-Market-Flipped-Into-Surplus-Territory.html,4
21/1/22,S&amp;P Global Platts: European oil refineries exposed as fears of Russia invading Ukraine grow,https://www.spglobal.com/platts/en/market-insights/latest-news/oil/012122-european-oil-refineries-exposed-as-fears-of-russia-invading-ukraine-grow,3
20/1/22,Prime: Russia in November remained in second place in oil production in the world,https://1prime.ru/oil/20220120/835834722.html,5
20/1/22,"Arab News: Saudi oil exports and production continue to rise, highest since April 2020: JODI",https://www.arabnews.com/node/2008521/business-economy,9
12/1/22,Reuters: Several Asian refiners to receive full Saudi crude allocation in February -sources,https://www.reuters.com/business/energy/least-two-nasian-refiners-receive-full-saudi-crude-allocation-february-sources-2022-01-11/,7
29/12/21,Argus: Viewpoint: Middle East HSFO supplies set to rise,https://www.argusmedia.com/en/news/2287300-viewpoint-middle-east-hsfo-supplies-set-to-rise,5
25/11/21,Foreign Affairs: MIL-OSI Energy: Second High-Level Meeting of the OPEC-GECF Energy Dialogue takes place,https://foreignaffairs.co.nz/2021/11/25/mil-osi-energy-second-high-level-meeting-of-the-opec-gecf-energy-dialogue-takes-place-2/,7
23/11/21,"tbi Africa: IEF, Japan discuss on energy market volatility and investment crisis",https://tbiafrica.com/2021/11/23/ief-japan-discuss-on-energy-market-volatility-and-investment-crisis/,6
2/11/21,S&amp;P Global Platts: COP26: OPEC's Middle East heavyweights make their case for oil in the energy transition,https://www.spglobal.com/platts/en/market-insights/latest-news/energy-transition/110221-cop26-opecs-middle-east-heavyweights-make-their-case-for-oil-in-the-energy-transition,7
29/10/21,"Hellenic Shipping News: Opec-GECF Meeting Showcases Role Of Natural Gas, Oil For Global Economy",https://www.hellenicshippingnews.com/opec-gecf-meeting-showcases-role-of-natural-gas-oil-for-global-economy/,7
27/10/21,"Daily Asset: Gas Vital in Current, Future Energy Demand, says OPEC-GECF Dialogue",https://dailyasset.ng/gas-vital-in-current-future-energy-demand-says-opec-gecf-dialogue/,7
27/10/21,Zawya: Second high-level meeting of the OPEC-GECF Energy dialogue takes place,https://www.zawya.com/mena/en/press-releases/story/Second_highlevel_meeting_of_the_OPECGECF_Energy_dialogue_takes_place-ZAWYA20211027123937/,7
18/10/21,Arab News: Saudi oil exports reach highest level in seven months,https://www.arabnews.com/node/1950141/business-economy,8
21/9/21,Arab News: Saudi oil income increased even as crude exports dropped in H1 by 20 percent,https://www.arabnews.com/node/1914886/business-economy,6
17/9/21,BOL News: Saudi crude oil exports hit highest level in six months,https://www.bolnews.com/latest/2021/09/saudi-crude-oil-exports-hit-highest-level-in-six-months/,8
16/9/21,Arab News: Saudi crude oil shipments hit highest level in six months,https://www.arabnews.com/node/1929961/business-economy,8
16/9/21,Forbes: Saudi Arabia’s Oil Exports In July Soar To 6.33M Barrels A Day—The Highest Since January,https://www.forbesmiddleeast.com/industry/energy/saudi-arabias-oil-exports-soar-to-633m-barrels-a-day-in-july-highest-since-january,9
16/9/21,OilPrice.com: Saudi Arabia Hikes July Crude Oil Exports To Six-Month High,https://oilprice.com/Energy/Crude-Oil/Saudi-Arabia-Hikes-July-Crude-Oil-Exports-To-Six-Month-High.html,8
16/9/21,S&amp;P Global Platts: SAUDI DATA: July crude oil exports hit six-month high as crude burn stays elevated,https://www.spglobal.com/platts/en/market-insights/latest-news/oil/091621-saudi-data-july-crude-oil-exports-hit-six-month-high-as-crude-burn-stays-elevated,8
10/9/21,Argus: UK's economic growth slows in July,https://www.argusmedia.com/en/news/2252765-uks-economic-growth-slows-in-july,4
20/8/21,ENB: June Saudi oil exports hit Jan 2021 highs,https://www.energynewsbulletin.net/outlook-analysis/news/1416217/june-saudi-oil-exports-hit-jan-2021-highs,7
19/8/21,OilPrice.com: Saudi Arabia Raised June Crude Oil Exports To Five-Month High,https://oilprice.com/Latest-Energy-News/World-News/Saudi-Arabia-Raised-June-Crude-Oil-Exports-To-Five-Month-High.html,7
19/8/21,Arab News: Saudi crude shipments rose in June hit highest in 2021 on signs of global economic recovery,https://www.arabnews.com/node/1913731/business-economy,8
19/8/21,S&amp;P Global Platts: SAUDI DATA: Crude exports for second month in June as output cuts unwind,https://www.spglobal.com/platts/en/market-insights/latest-news/oil/081921-saudi-data-crude-exports-for-second-month-in-june-as-output-cuts-unwind,7
9/8/21,"Argus: US, UK, and Canada fortify Belarus sanctions effort",https://www.argusmedia.com/en/news/2242540-us-uk-and-canada-fortify-belarus-sanctions-effort,5
30/7/21,Argus: Saudi Arabia to lift ban on vaccinated tourists,https://www.argusmedia.com/en/news/2239421-saudi-arabia-to-lift-ban-on-vaccinated-tourists,7
19/7/21,Argus: Covid-19 restrictions ease in England,https://www.argusmedia.com/en/news/2235435-covid19-restrictions-ease-in-england,6
19/7/21,OilPrice.com: Saudi Arabia Boosted Crude Oil Exports To 4-Month High In May,https://oilprice.com/Latest-Energy-News/World-News/Saudi-Arabia-Boosted-Crude-Oil-Exports-To-4-Month-High-In-May.html,7
19/7/21,Mubasher: Saudi Arabia's crude oil exports hit four-month high in May,https://english.mubasher.info/news/3832473/Saudi-Arabia-s-crude-oil-exports-hit-four-month-high-in-May,7
19/7/21,Reuters: Saudi Arabian crude oil exports hit four-month high in May,https://www.reuters.com/business/energy/saudi-arabian-crude-oil-exports-hit-four-month-high-may-2021-07-19/,8
14/7/21,Argus: Bahrain bans air passenger arrivals from 16 countries,https://www.argusmedia.com/en/news/2234001-bahrain-bans-air-passenger-arrivals-from-16-countries,2
11/7/21,Argus: Saudi caps gasoline prices as domestic demand struggles,https://www.argusmedia.com/en/news/2233166-saudi-caps-gasoline-prices-as-domestic-demand-struggles,6
9/7/21,"Argus: Opec+ adds 610,000 b/d as Riyadh unwinds cut",https://www.argusmedia.com/en/news/2232821-opec-adds-610000-bd-as-riyadh-unwinds-cut,7
4/7/21,"Argus: Saudi suspends flights to UAE, Ethiopia and Vietnam",https://www.argusmedia.com/en/news/2231041-saudi-suspends-flights-to-uae-ethiopia-and-vietnam,2
17/6/21,S&amp;P Global Platts: SAUDI DATA: April crude exports fall to lowest since June 2020: JODI,https://www.spglobal.com/platts/en/market-insights/latest-news/oil/061721-saudi-data-april-crude-exports-fall-to-lowest-since-june-2020-jodi,3
13/6/21,Argus: Saudi Arabia to hold downsized Hajj pilgrimage again,https://www.argusmedia.com/en/news/2224370-saudi-arabia-to-hold-downsized-hajj-pilgrimage-again,4
11/6/21,Argus: Aramco gives full term crude to Asian buyers,https://www.argusmedia.com/en/news/2223989-aramco-gives-full-term-crude-to-asian-buyers-update,7
30/5/21,Argus: Saudi Arabia lifts entry ban from 11 countries,https://www.argusmedia.com/en/news/2220010-saudi-arabia-lifts-entry-ban-from-11-countries,6
11/5/21,"S&amp;P Global Platts: Saudi Arabia may turn to gas, import more fuel oil for power as OPEC+ cuts ease",https://www.spglobal.com/platts/en/market-insights/latest-news/oil/051121-saudi-arabia-may-turn-to-gas-import-more-fuel-oil-for-power-as-opec-cuts-ease,6
9/5/21,Bloomberg: Refined Oil Outsourcing Is Going to a Whole New Level,https://www.bloombergquint.com/gadfly/refined-oil-outsourcing-is-going-to-a-whole-new-level,6
20/4/21,Business Post: Oil Market Reacts to Looming Libyan Supply Disruption,https://businesspost.ng/economy/oil-market-reacts-to-looming-libyan-supply-disruption/,5
20/4/21,Arabian Business: IEF reveals global oil demand shortfall in March amid 'stagnant' last-mile recovery,https://www.arabianbusiness.com/energy/462288-ief-reveals-global-oil-demand-shortfall-in-march-amid-stagnant-last-mile-recovery,4
20/4/21,Reuters: Mideast Stocks Ex-dividend stocks hit Dubai as Gulf markets mixed,https://www.reuters.com/world/middle-east/mideast-stocks-ex-dividend-stocks-hit-dubai-gulf-markets-mixed-2021-04-20/,4
20/4/21,"Reuters: Oil hits $68 on Libya force majeure, although pandemic surge weighs",https://www.reuters.com/world/middle-east/oil-prices-rise-weaker-dollar-likely-drawdown-us-stocks-2021-04-20/,6
19/4/21,"S&amp;P Global Platts: Saudi crude stock draws continue, exports fall due to production cut",https://www.spglobal.com/platts/en/market-insights/latest-news/oil/041921-saudi-crude-stock-draws-continue-exports-fall-due-to-production-cut,4
19/4/21,Reuters: Saudi crude exports drop to eight-month low in February,https://www.reuters.com/article/saudi-crude-jodi-idAFL8N2MC3M3,4
16/4/21,Argus: Refiner Essar Oil UK in talks with finance providers,https://www.argusmedia.com/en/news/2206239-refiner-essar-oil-uk-in-talks-with-finance-providers,5
15/4/21,S&amp;P Global Platts: Fuel oil premium hits record high in Fujairah ahead of big A/C power demand season,https://www.spglobal.com/platts/en/market-insights/latest-news/oil/041521-fuel-oil-premium-hits-record-high-in-fujairah-ahead-of-big-ac-power-demand-season,7
7/4/21,Emirates News Agency: Oil product inventories at UAE's Port of Fujairah climb to five-week high,http://wam.ae/en/details/1395302925088,4
20/3/21,RT: Saudi Arabia boosted crude oil exports in January,https://www.rt.com/business/518603-saudi-arabia-boosted-crude-oil/,7
10/3/21,"Reuters: Despite pledged cut, Saudi Feb oil exports post only small drop -trackers",https://www.reuters.com/article/oil-saudi-idUSL8N2L82XT,5
14/2/21,Argus: Saudi Arabia extends Covid measures by another 20 days,https://www.argusmedia.com/en/news/2186868-saudi-arabia-extends-covid-measures-by-another-20-days,2
12/2/21,Argus: UK economy shrank by record 9.9pc in 2020,https://www.argusmedia.com/en/news/2186434-uk-economy-shrank-by-record-99pc-in-2020,2
7/2/21,Argus: Bahrain implements stricter Covid-related measures,https://www.argusmedia.com/en/news/2184701-bahrain-implements-stricter-covidrelated-measures,2
20/1/21,Reuters: Saudi crude exports scale seven-month peak in November 2020,https://finance.yahoo.com/news/saudi-crude-exports-scale-seven-144331924.html,7
20/1/21,S&amp;P Global Platts: Rising Saudi crude exports leaves domestic stocks at 17-year low,https://www.spglobal.com/platts/en/market-insights/latest-news/oil/012021-rising-saudi-crude-exports-leaves-domestic-stocks-at-17-year-low,5
20/1/21,UrduPoint: Russia Holds Position As World's Second-Largest Crude Oil Producer In November - JODI,https://www.urdupoint.com/en/business/russia-holds-position-as-worlds-second-large-1146560.html,5
10/1/21,Argus: Saudi Arabia to lift all travel curbs from 31 March,https://www.argusmedia.com/en/news/2175597-saudi-arabia-to-lift-all-travel-curbs-from-31-march,6
7/1/21,Bloomberg: The Real Price of Saudi Arabia’s Surprise Oil Cuts,https://www.bloomberg.com/opinion/articles/2021-01-07/opec-the-real-price-of-saudi-arabia-s-oil-cuts,7
4/1/21,Argus: UK tightens Covid restrictions in England again,https://www.argusmedia.com/en/news/2173896-uk-tightens-covid-restrictions-in-england-again,2
28/12/20,Argus: Saudi Arabia to keep borders closed for one more week,https://www.argusmedia.com/en/news/2172499-saudi-arabia-to-keep-borders-closed-for-one-more-week,3
18/12/20,Business Post Nigeria: Global Oil Sector Needs Sustainable $12.6trn Investment—OPEC,https://businesspost.ng/economy/global-oil-sector-needs-sustainable-12-6trn-investment-opec/,7
17/12/20,Mubasher: Saudi oil exports hit five-month high in October,https://english.mubasher.info/news/3735086/Saudi-oil-exports-hit-five-month-high-in-October/,7
24/11/20,Argus: UK to relax quarantine rules with new testing system,https://www.argusmedia.com/en/news/2162738-uk-to-relax-quarantine-rules-with-new-testing-system,5
20/11/20,S&amp;P Global Platts: REFINERY NEWS ROUNDUP: Maintenance largely finished in Middle East,https://www.spglobal.com/platts/en/market-insights/latest-news/oil/112020-refinery-news-roundup-maintenance-largely-finished-in-middle-east,6
18/11/20,Reuters: Saudi crude exports rise to 6.07 million bpd in September: JODI,https://www.reuters.com/article/saudi-oil-jodi-int-idUSKBN27Y1JD,8
18/11/20,UrduPoint: Russia Holds Position As World's Second-Largest Crude Oil Producer In September - JODI,https://www.urdupoint.com/en/business/russia-holds-position-as-worlds-second-large-1089807.html,6
18/11/20,Mubasher: Saudi oil exports rise to 7.09m b/d in September,https://english.mubasher.info/news/3724713/Saudi-oil-exports-rise-to-7-09m-b-d-in-September/,7
15/11/20,Argus: Austria to tighten lockdown as Covid-19 cases soar,https://www.argusmedia.com/en/news/2160107-austria-to-tighten-lockdown-as-covid19-cases-soar,2
5/11/20,OilPrice.com: China's Crude Oil Imports Sink In October,https://oilprice.com/Energy/Crude-Oil/Chinas-Crude-Oil-Imports-Sink-In-October.html,4
4/11/20,OilPrice.com: China’s Oil Imports Are Falling From Record Highs,https://oilprice.com/Energy/Energy-General/Chinas-Oil-Imports-Are-Falling-From-Record-Highs.html,4
4/11/20,OilPrice.com: Saudi Gas Production Jumps To Record,https://oilprice.com/Latest-Energy-News/World-News/Saudi-Gas-Production-Jumps-To-Record.html,7
3/11/20,Bloomberg: Saudi Arabia's Gas Push Pays Off as Production Hits Record,https://www.bloomberg.com/news/articles/2020-11-03/saudi-arabia-s-gas-push-pays-off-as-production-hits-record,7
26/10/20,Argus: Saudi Arabia to resume full Umrah next month,https://www.argusmedia.com/en/news/2153500-saudi-arabia-to-resume-full-umrah-next-month,6
25/10/20,Argus: Saudi Arabian Airlines to resume flights to 33 cities,https://www.argusmedia.com/en/news/2153428-saudi-arabian-airlines-to-resume-flights-to-33-cities,6
20/10/20,Mubasher: Saudi oil exports hit 6.98m b/d in August - JODI,https://english.mubasher.info/news/3709604/Saudi-oil-exports-hit-6-98m-b-d-in-August-JODI,7
19/10/20,UrduPoint: Russia Retains Position As World's Second-Largest Crude Oil Producer In August - JODI,https://www.urdupoint.com/en/business/russia-retains-position-as-worlds-second-lar-1061292.html,6
1/10/20,Bloomberg: Saudi Crude Exports Surge to Four-Month High in September,https://www.bloombergquint.com/global-economics/saudi-crude-exports-surge-to-four-month-high-in-september,8
28/9/20,"ANTARA News: Indonesia asks G20 to ensure energy market stability, affordability",https://en.antaranews.com/news/157705/indonesia-asks-g20-to-ensure-energy-market-stability-affordability,7
20/9/20,Argus: Saudi gasoline stocks fall to multi-year lows,https://www.argusmedia.com/en/news/2142928-saudi-gasoline-stocks-fall-to-multiyear-lows,6
17/9/20,Mubasher: Saudi oil exports jump to 6.636 mbpd in July - JODI,https://english.mubasher.info/news/3696731/Saudi-oil-exports-jump-to-6-636-mbpd-in-July-JODI/,7
17/9/20,OilPrice.com: Saudi Oil Exports Rose In July From Record Lows,https://oilprice.com/Latest-Energy-News/World-News/Saudi-Oil-Exports-Rose-In-July-From-Record-Lows.html,7
17/9/20,OilPrice.com: U.S Keeps Top Crude Oil Producer Status,https://oilprice.com/Energy/Crude-Oil/US-Keeps-Top-Crude-Oil-Producer-Status.html,6
17/9/20,Pipeline Oil &amp; Gas News: The IEF is looking to shine a light on the new energy landscape,https://www.pipelineoilandgasnews.com/interviewsfeatures/interviews/2020/september/the-ief-is-looking-to-shine-a-light-on-the-new-energy-landscape/,6
17/9/20,Reuters: Saudi Arabia crude exports rebound in July from historic lows,https://uk.reuters.com/article/us-saudi-oil-jodi/saudi-arabia-crude-exports-rebound-in-july-from-historic-lows-idUKKBN2681S1,7
14/9/20,"The Daily: OPEC hits 60 years, counts feats and looks ahead",https://www.thedaily-ng.com/opec-hits-60-years-counts-feats-and-looks/,6
9/9/20,"Bloomberg: It’s a Race Against Heat, and Humanity Is Losing",https://www.bloomberg.com/graphics/2020-race-against-heat/,3
27/8/20,Argus: Iraq looks to floating storage for excess fuel oil,https://www.argusmedia.com/en/news/2136191-iraq-looks-to-floating-storage-for-excess-fuel-oil,5
27/8/20,GECF: GECF organises webinars on data and statistics for Russian and Bolivian experts,https://www.gecf.org/events/gecf-organises-webinars-on-data-and-statistics-for-russian-and-bolivian-experts,7
21/8/20,OilPrice.com: Russia Overtakes Saudi Arabia To Become Second Largest Oil Producer,https://oilprice.com/Energy/Energy-General/Russia-Overtakes-Saudi-Arabia-To-Become-Second-Largest-Oil-Producer.html,4
21/8/20,OilPrice.com: Saudi Arabia's Crude Oil Exports Dip To Record Low In June,https://oilprice.com/Latest-Energy-News/World-News/Saudi-Arabias-Crude-Oil-Exports-Dip-To-Record-Low-In-June.html,2
21/8/20,S&amp;P Global Platts: Dubai futures spreads rangebound after early-week uptick on more spot buying,https://www.spglobal.com/platts/en/market-insights/latest-news/oil/082120-dubai-futures-spreads-rangebound-after-early-week-uptick-on-more-spot-buying,5
20/8/20,S&amp;P Global Platts: SAUDI DATA: June crude exports slump to record levels as output hits 17-year low,https://www.spglobal.com/platts/en/market-insights/latest-news/oil/082020-saudi-data-june-crude-exports-slump-to-record-levels-as-output-hits-17-year-low,2
12/8/20,Argus: UK GDP contracted at record 20.4pc in 2Q,https://www.argusmedia.com/en/news/2131583-uk-gdp-contracted-at-record-204pc-in-2q,2
23/7/20,Argus: Mideast Gulf gasoline demand on road to recovery,https://www.argusmedia.com/en/news/2125716-mideast-gulf-gasoline-demand-on-road-to-recovery,6
21/7/20,Bloomberg: Saudis Stuck Home for Summer Burn More Oil for Air Conditioners,https://www.bloomberg.com/news/articles/2020-07-21/saudis-stuck-home-for-summer-burn-oil-to-power-air-conditioners,5
17/7/20,MEMO: Report: Saudi Arabia oil exports drop 41.2% in May,https://www.middleeastmonitor.com/20200717-report-saudi-arabia-oil-exports-drop-41-2-in-may/,2
17/7/20,UrduPoint: Russia Back As Second-Largest Oil Producer In May - JODI,https://www.urdupoint.com/en/business/russia-back-as-second-largest-oil-producer-in-976471.html,4
16/7/20,S&amp;P Global Platts: SAUDI DATA: May crude oil exports plunge to 9-year low as OPEC+ cuts begin,https://www.spglobal.com/platts/en/market-insights/latest-news/oil/071620-saudi-data-may-crude-oil-exports-plunge-to-9-year-low-as-opec-cuts-begin,3
16/7/20,Mubasher: Saudi oil exports drop 3.86m bpd in May,https://english.mubasher.info/news/3669231/Saudi-oil-exports-drop-3-86m-bpd-in-May/,2
25/6/20,OilPrice.com: Saudi Arabia’s Oil Price War Cost The Kingdom $12 Billion In One Month,https://oilprice.com/Energy/Crude-Oil/Saudi-Arabias-Oil-Price-War-Cost-The-Kingdom-12-Billion-In-One-Month.html,2
22/6/20,Mubasher: Egypt’s daily oil output falls to lowest level since July 2009,https://english.mubasher.info/news/3657644/Egypt-s-daily-oil-output-falls-to-lowest-level-since-July-2009,2
21/6/20,Argus: Saudi Arabia lifts nationwide Covid-19 curfew,https://www.argusmedia.com/en/news/2116403-saudi-arabia-lifts-nationwide-covid19-curfew,4
18/6/20,UrduPoint: Russia Falls To 3rd Place In Oil Production For 1st Time Since 2018- Joint Data Initiative,https://www.urdupoint.com/en/business/russia-falls-to-3rd-place-in-oil-production-f-951260.html,4
15/6/20,"Gulf Times: GECF, OLADE organise virtual workshop on data and statistics",https://www.gulf-times.com/story/665672/GECF-OLADE-organise-virtual-workshop-on-data-and-statistics,6
7/6/20,Argus: Saudi Arabia reinstates lockdown in Jeddah,https://www.argusmedia.com/en/news/2112218-saudi-arabia-reinstates-lockdown-in-jeddah,3
7/6/20,"The National: With Opec+ extension into July, flexibility will be key in the future",https://www.thenational.ae/business/comment/with-opec-extension-into-july-flexibility-will-be-key-in-the-future-1.1030006,6
23/4/20,Mubasher: Egypt’s daily oil output hits lowest level since October 2019,https://english.mubasher.info/news/3630851/Egypt-s-daily-oil-output-hits-lowest-level-since-October-2019/,2
22/4/20,Argus: Sonatrach offers spot LNG cargoes as exports slow,https://www.argusmedia.com/en/news/2098570-sonatrach-offers-spot-lng-cargoes-as-exports-slow,4
20/4/20,Reuters: Saudi Arabia crude exports fall to 7.278mln bpd in Feb,https://www.zawya.com/mena/en/markets/story/Saudi_Arabia_crude_exports_fall_to_7278mln_bpd_in_Feb-TR20200420nFWN2C810CX3/,3
7/4/20,Argus: Saudi Arabia imposes 24-hour a day curfew,https://www.argusmedia.com/en/news/2094281-saudi-arabia-imposes-24hour-a-day-curfew,3
5/4/20,Bloomberg: How Saudi Arabia Can Save the Global Oil Industry,https://www.bloomberg.com/opinion/articles/2020-04-05/how-saudi-arabia-can-save-oil-industry-from-single-digit-prices,5
1/4/20,"Bloomberg: For Saudi Arabia and Oil, April May Be the Cruelest Month",https://www.bloomberg.com/opinion/articles/2020-04-01/saudi-arabia-oil-strategy-faces-a-critical-test-in-april,2
25/3/20,Emirates News Agency: Fujairah oil product stocks sink 9% at tail end of refinery works,http://wam.ae/en/details/1395302832813,4
25/3/20,Lloyd's List: Coronavirus and shipping briefing: Tanker rates collapse while the outlook weakens for containers,https://lloydslist.maritimeintelligence.informa.com/LL1131673/Coronavirus-and-shipping-briefing-Tanker-rates-collapse-while-the-outlook-weakens-for-containers,4
18/3/20,S&amp;P Global Platts: SAUDI DATA: Saudi Arabia dips into crude stockpiles as exports decline,https://www.spglobal.com/platts/en/market-insights/latest-news/oil/031820-saudi-data-saudi-arabia-dips-into-crude-stockpiles-as-exports-decline,4
18/3/20,Reuters: UPDATE 1-Saudi crude exports fall to 7.29 mln bpd in January -JODI,https://uk.reuters.com/article/saudi-oil-exports-idAFL8N2BB5EI,3
24/2/20,Tech.eu: London-based OilX raises $2.2 million to analyse supply and demand of the global oil market,https://tech.eu/brief/oilx-2-million/,7
19/2/20,Reuters: Aramco Trading locks in long-term deal for Kuwaiti oil supply,https://uk.reuters.com/article/uk-saudi-aramco-oil-trade/aramco-trading-locks-in-long-term-deal-for-kuwaiti-oil-supply-idUKKBN20D042,6
19/2/20,Hellenic Shipping News: Saudi Arabia’s crude oil stockpiles fall in Dec – JODI data,https://www.hellenicshippingnews.com/saudi-arabias-crude-oil-stockpiles-fall-in-dec-jodi-data/,5
19/2/20,"Natural Gas World: Daily Digest: February 19th, 2020",https://www.naturalgasworld.com/natural-gas-news-daily-digest-february-19th-2020-76677,3
19/2/20,Oil &amp; Gas Middle East: Saudi's crude oil stockpiles shrunk in December – new data,https://www.oilandgasmiddleeast.com/drilling-production/36210-saudis-crude-oil-stockpiles-shrunk-in-december-new-data,4
18/2/20,OilPrice.com: Saudi Arabia’s Oil Exports Dropped 11% In 2019,https://oilprice.com/Energy/Energy-General/Saudi-Arabias-Oil-Exports-Drop-11-In-2019.html,3
18/2/20,Mubasher: Saudi oil exports down 10.75% in 2019,https://english.mubasher.info/news/3589302/Saudi-oil-exports-down-10-75-in-2019/,3
18/2/20,Asharq Al-Awsat: Saudi Arabia Crude Exports Unchanged at 7.37mln bpd in December 2019,https://aawsat.com/english/home/article/2137311/saudi-arabia-crude-exports-unchanged-737mln-bpd-december-2019,5
18/2/20,Reuters: Saudi Arabia's crude oil stockpiles fall in Dec - JODI data,https://www.reuters.com/article/saudi-oil-stockpiles/saudi-arabias-crude-oil-stockpiles-fall-in-dec-jodi-data-idUSL8N2AI1O8,5
17/2/20,"S&amp;P Global Platts: Watch: Market Movers Europe, Feb 17-21: Coronavirus exerts pressure on oil, LNG, ethylene;...",https://www.spglobal.com/platts/en/market-insights/videos/market-movers-europe/021720-coronavirus-covid19-pressure-oil-lng-ethylene-nuclear-reactor-closure,3
17/2/20,S&amp;P Global Platts: SAUDI DATA: Crude exports stable in Dec as kingdom dips into stocks,https://www.spglobal.com/platts/en/market-insights/latest-news/oil/021720-saudi-data-crude-exports-stable-in-dec-as-kingdom-dips-into-stocks,4
22/1/20,Hellenic Shipping News: Saudi crude exports rise 4.4% in November 2019-JODI,https://www.hellenicshippingnews.com/saudi-crude-exports-rise-4-4-in-november-2019-jodi/,6
20/1/20,Mubasher: Saudi oil exports down 10.5% in November,https://english.mubasher.info/news/3583291/Saudi-oil-exports-down-10-5-in-November/,3
,,,
,,,
,,,
,,,
,,,
,,,
,,,
,,,
,,,
,,,
,,,
,,,
,,,
,,,
,,,
,,,
,,,
,,,
,,,
,,,
,,,
,,,
,,,
,,,
,,,
,,,
,,,
,,,
,,,
,,,
,,,
,,,
,,,
,,,
,,,
,,,
,,,
,,,
,,,
,,,
,,,
,,,
,,,
,,,
,,,
,,,
,,,
,,,
,,,
,,,
,,,
,,,
,,,
,,,